filename,file_size,file_attributes,region_count,class_id,region_shape_attributes,region_attributes
0NB0W7FDWZGQ.jpg,37571,{},1,1,"{""name"":""rect"",""x"":46,""y"":18,""width"":181,""height"":174}","{""1"":""Tree"",""Tree"":""T""}"
0P89F5AU93GU.jpg,44223,{},1,1,"{""name"":""rect"",""x"":30,""y"":32,""width"":194,""height"":194}","{""1"":""Tree""}"
0W5VRRI7NZ3I.jpg,25525,{},1,1,"{""name"":""rect"",""x"":57,""y"":65,""width"":188,""height"":172}","{""1"":""Tree""}"
0XYTCE67G8FR.jpg,20548,{},1,1,"{""name"":""rect"",""x"":58,""y"":14,""width"":134,""height"":237}","{""1"":""Tree""}"
1D4OD0VH4LQ8.jpg,31804,{},1,1,"{""name"":""rect"",""x"":23,""y"":34,""width"":231,""height"":146}","{""1"":""Tree""}"
1GWF9XFH730D.jpg,47283,"{""0"":""Non Tree""}",0,0,{},{}
1JEMF7ZWE9QF.jpg,44137,{},1,1,"{""name"":""rect"",""x"":11,""y"":12,""width"":235,""height"":221}","{""1"":""Tree""}"
1XZ01WPEI0CE.jpg,25664,{},0,0,{},{}
2I0ZQ4NWMZS5.jpg,35402,{},1,1,"{""name"":""rect"",""x"":19,""y"":10,""width"":223,""height"":239}","{""1"":""Tree""}"
2UR9Y4ZCID39.jpg,41034,{},1,1,"{""name"":""rect"",""x"":13,""y"":8,""width"":218,""height"":197}","{""1"":""Tree""}"
3MNZYRMHAVMO.jpg,42434,{},1,1,"{""name"":""rect"",""x"":8,""y"":17,""width"":235,""height"":223}","{""1"":""Tree""}"
3VPSZ0H8WNOY.jpg,21315,{},1,1,"{""name"":""rect"",""x"":35,""y"":10,""width"":175,""height"":227}","{""1"":""Tree""}"
4ILEYK6OHLJQ.jpg,51815,{},1,1,"{""name"":""rect"",""x"":122,""y"":14,""width"":131,""height"":233}","{""1"":""Tree""}"
4KPG55TVMR3X.jpg,46661,{},0,0,{},{}
4SHNVDVDKKK0.jpg,31926,{},1,1,"{""name"":""rect"",""x"":33,""y"":19,""width"":205,""height"":226}","{""1"":""Tree""}"
4VHLSQYBMGZB.jpg,40210,{},0,0,{},{}
4WXM6KOOOPBQ.jpg,45477,{},1,1,"{""name"":""rect"",""x"":29,""y"":9,""width"":213,""height"":233}","{""1"":""Tree""}"
5QHQX25MBMIQ.jpg,47545,{},1,1,"{""name"":""rect"",""x"":10,""y"":11,""width"":230,""height"":233}","{""1"":""Tree""}"
6UXTN118N3CC.jpg,35260,{},0,0,{},{}
6VA2VL5PS0IT.jpg,40797,{},0,0,{},{}
6YYN5UXI0HO3.jpg,46514,{},0,0,{},{}
7AWFB232WTZ4.jpg,32989,{},0,0,{},{}
7C8UF79GW6GO.jpg,37989,{},0,0,{},{}
7FDCWOCH8SQR.jpg,43006,{},1,1,"{""name"":""rect"",""x"":6,""y"":21,""width"":232,""height"":220}","{""1"":""Tree""}"
7GQD2IH805Q8.jpg,47950,{},0,0,{},{}
7T2BJJNPVY0N.jpg,47646,{},1,1,"{""name"":""rect"",""x"":11,""y"":13,""width"":189,""height"":220}","{""1"":""Tree""}"
7ZA8FW12MRHB.jpg,35840,{},1,1,"{""name"":""rect"",""x"":38,""y"":27,""width"":158,""height"":158}","{""1"":""Tree""}"
7ZRY7LBYQFB7.jpg,43723,{},1,1,"{""name"":""rect"",""x"":48,""y"":41,""width"":152,""height"":204}","{""1"":""Tree""}"
8RPR3YMIY5KR.jpg,45282,{},0,0,{},{}
8UXAWTB9B4FF.jpg,45135,{},1,1,"{""name"":""rect"",""x"":53,""y"":21,""width"":133,""height"":217}","{""1"":""Tree""}"
9KPLLCLJ7M6A.jpg,39904,{},0,0,{},{}
9X0UTA07SMV3.jpg,42265,{},2,1,"{""name"":""rect"",""x"":11,""y"":21,""width"":78,""height"":195}","{""1"":""Tree""}"
9X0UTA07SMV3.jpg,42265,{},2,1,"{""name"":""rect"",""x"":174,""y"":16,""width"":73,""height"":205}","{""1"":""Tree""}"
9ZJXTMKTIP11.jpg,39036,{},0,0,{},{}
26RMXY5NYQXS.jpg,45596,{},3,1,"{""name"":""rect"",""x"":5,""y"":12,""width"":63,""height"":212}","{""1"":""Tree""}"
26RMXY5NYQXS.jpg,45596,{},3,1,"{""name"":""rect"",""x"":88,""y"":9,""width"":54,""height"":196}","{""1"":""Tree""}"
26RMXY5NYQXS.jpg,45596,{},3,1,"{""name"":""rect"",""x"":150,""y"":29,""width"":24,""height"":157}","{""1"":""Tree""}"
027PPY7TS1OJ.jpg,49616,{},1,1,"{""name"":""rect"",""x"":114,""y"":122,""width"":50,""height"":126}","{""1"":""Tree""}"
36YKUCV2N8KK.jpg,38441,{},1,1,"{""name"":""rect"",""x"":61,""y"":5,""width"":139,""height"":240}","{""1"":""Tree""}"
37H37B8RE625.jpg,40209,{},0,0,{},{}
46O94XKK2OVN.jpg,24756,{},1,1,"{""name"":""rect"",""x"":44,""y"":9,""width"":175,""height"":234}","{""1"":""Tree""}"
75T8BHEN8K4H.jpg,38230,{},1,1,"{""name"":""rect"",""x"":38,""y"":30,""width"":170,""height"":212}","{""1"":""Tree""}"
80DLP9CKUB46.jpg,34918,{},1,1,"{""name"":""rect"",""x"":45,""y"":16,""width"":169,""height"":216}","{""1"":""Tree""}"
83WNM9LDOCWN.jpg,22749,{},1,1,"{""name"":""rect"",""x"":118,""y"":17,""width"":123,""height"":232}","{""1"":""Tree""}"
84T8AG3BMR1G.jpg,41447,{},0,0,{},{}
88RU1TV6IV2M.jpg,40322,{},0,0,{},{}
560SQZXIKP23.jpg,41614,{},0,0,{},{}
715N9PFMVF8C.jpg,33499,{},0,0,{},{}
874ZWE7PY67G.jpg,32304,{},2,1,"{""name"":""rect"",""x"":187,""y"":31,""width"":63,""height"":197}","{""1"":""Tree""}"
874ZWE7PY67G.jpg,32304,{},2,1,"{""name"":""rect"",""x"":8,""y"":17,""width"":57,""height"":201}","{""1"":""Tree""}"
A01O9R9AKEF9.jpg,31646,{},0,0,{},{}
A39S4AJO95RG.jpg,38745,{},0,0,{},{}
AG4VYY1LHSZJ.jpg,41874,{},0,0,{},{}
AOW6WIJ23GRT.jpg,50871,{},1,1,"{""name"":""rect"",""x"":17,""y"":10,""width"":141,""height"":227}","{""1"":""Tree""}"
BORFJYYN3NRJ.jpg,19381,{},0,0,{},{}
BYXUX6UA7SMG.jpg,45011,{},0,0,{},{}
C1Y6UP5RF4IO.jpg,36023,{},1,1,"{""name"":""rect"",""x"":36,""y"":1,""width"":186,""height"":253}","{""1"":""Tree""}"
C1ZMI5AT62Q9.jpg,43477,{},1,1,"{""name"":""rect"",""x"":58,""y"":38,""width"":169,""height"":185}","{""1"":""Tree""}"
C3Y8NJQW5ALH.jpg,40094,{},1,1,"{""name"":""rect"",""x"":14,""y"":37,""width"":80,""height"":212}","{""1"":""Tree""}"
CH6W958JO6U3.jpg,46679,{},0,0,{},{}
CKR3XWAIT1QN.jpg,34619,{},0,0,{},{}
CXZUP55UHUXF.jpg,29533,{},1,1,"{""name"":""rect"",""x"":24,""y"":14,""width"":108,""height"":192}","{""1"":""Tree""}"
D41AA7F2IX4B.jpg,52143,{},1,1,"{""name"":""rect"",""x"":22,""y"":13,""width"":155,""height"":204}","{""1"":""Tree""}"
DW4RBX7MUJZ0.jpg,44970,{},0,0,{},{}
DXW6V1D76A08.jpg,41402,{},1,1,"{""name"":""rect"",""x"":128,""y"":9,""width"":79,""height"":212}","{""1"":""Tree""}"
DZYQ5ZXN38CG.jpg,32855,{},0,0,{},{}
E1MNJPL6W4N9.jpg,50914,{},0,0,{},{}
E5KGKP99T8VR.jpg,47106,{},1,1,"{""name"":""rect"",""x"":10,""y"":9,""width"":138,""height"":214}","{""1"":""Tree""}"
ECMFDOGJAXJQ.jpg,43867,{},0,0,{},{}
EOBRU19BV5Y0.jpg,24034,{},0,0,{},{}
EX9X5QHTN6OQ.jpg,35483,{},0,0,{},{}
F28KDMEONR7S.jpg,47046,{},1,1,"{""name"":""rect"",""x"":30,""y"":13,""width"":150,""height"":223}","{""1"":""Tree""}"
FNWCG9PFWOX1.jpg,35547,{},1,1,"{""name"":""rect"",""x"":19,""y"":2,""width"":151,""height"":252}","{""1"":""Tree""}"
FQ70XJDOX2RI.jpg,33288,{},0,0,{},{}
FWDK3K7AUP2X.jpg,39979,{},1,1,"{""name"":""rect"",""x"":34,""y"":12,""width"":168,""height"":227}","{""1"":""Tree""}"
G1M6UD12YJCB.jpg,50379,{},1,1,"{""name"":""rect"",""x"":55,""y"":5,""width"":163,""height"":249}","{""1"":""Tree""}"
GJGHY0O9P1QG.jpg,48948,{},0,0,{},{}
GYAP1W79Y3PX.jpg,36448,{},0,0,{},{}
H99U5NXRIN4T.jpg,36868,{},1,1,"{""name"":""rect"",""x"":49,""y"":20,""width"":158,""height"":186}","{""1"":""Tree""}"
HC6VT6BHUMYS.jpg,39696,{},0,0,{},{}
HHNQAAK9THQU.jpg,34488,{},0,0,{},{}
HM3TL2W0UA5P.jpg,47190,{},0,0,{},{}
HNXSF55Y7SKV.jpg,35900,{},0,0,{},{}
HPAMXYSCPGBL.jpg,34556,{},0,0,{},{}
HQ0S3VVPMMLL.jpg,43420,{},0,0,{},{}
ID196CQZ0581.jpg,39166,{},0,0,{},{}
IIAK6K2AJLIA.jpg,40041,{},1,1,"{""name"":""rect"",""x"":42,""y"":14,""width"":172,""height"":229}","{""1"":""Tree""}"
IXRQHS8NMLOW.jpg,30478,{},0,0,{},{}
IYAS81808SI8.jpg,44328,{},1,1,"{""name"":""rect"",""x"":44,""y"":21,""width"":179,""height"":228}","{""1"":""Tree""}"
K3XTZINY79AB.jpg,50722,{},1,1,"{""name"":""rect"",""x"":73,""y"":10,""width"":137,""height"":230}","{""1"":""Tree""}"
K7O9F38YM9WJ.jpg,44455,{},1,1,"{""name"":""rect"",""x"":145,""y"":8,""width"":87,""height"":206}","{""1"":""Tree""}"
K7ZBT0PBC17C.jpg,37854,{},1,1,"{""name"":""rect"",""x"":49,""y"":23,""width"":150,""height"":194}","{""1"":""Tree""}"
KAVA401CJMFK.jpg,27251,{},1,1,"{""name"":""rect"",""x"":18,""y"":42,""width"":175,""height"":210}","{""1"":""Tree""}"
KLQ4QUHSP20D.jpg,31648,{},1,1,"{""name"":""rect"",""x"":28,""y"":18,""width"":194,""height"":225}","{""1"":""Tree""}"
KPFB6JHM35BJ.jpg,33001,{},2,1,"{""name"":""rect"",""x"":27,""y"":21,""width"":105,""height"":227}","{""1"":""Tree""}"
KPFB6JHM35BJ.jpg,33001,{},2,1,"{""name"":""rect"",""x"":142,""y"":16,""width"":104,""height"":226}","{""1"":""Tree""}"
KWCFCWEEL4Y3.jpg,37970,{},0,0,{},{}
KWMX4PYWEW1A.jpg,39870,{},1,1,"{""name"":""rect"",""x"":50,""y"":9,""width"":174,""height"":241}","{""1"":""Tree""}"
KX745Y0EF9RR.jpg,47574,{},1,1,"{""name"":""rect"",""x"":47,""y"":9,""width"":183,""height"":229}","{""1"":""Tree""}"
KZP2XZBLL8JZ.jpg,51657,{},1,1,"{""name"":""rect"",""x"":18,""y"":9,""width"":197,""height"":235}","{""1"":""Tree""}"
L2BRE73G5R8W.jpg,39467,{},0,0,{},{}
L4J3M24JGEYM.jpg,41939,{},2,1,"{""name"":""rect"",""x"":19,""y"":65,""width"":91,""height"":138}","{""1"":""Tree""}"
L4J3M24JGEYM.jpg,41939,{},2,1,"{""name"":""rect"",""x"":120,""y"":71,""width"":95,""height"":154}","{""1"":""Tree""}"
L6ZDZQJM5A0D.jpg,33860,{},0,0,{},{}
LK785S16OU8T.jpg,34286,{},1,1,"{""name"":""rect"",""x"":87,""y"":10,""width"":158,""height"":237}","{""1"":""Tree""}"
LZIS45TOM6QG.jpg,11419,{},0,0,{},{}
M8F8CCFNXDTA.jpg,40258,{},0,0,{},{}
MK4KTPGR7P7U.jpg,38523,{},1,1,"{""name"":""rect"",""x"":46,""y"":7,""width"":171,""height"":243}","{""1"":""Tree""}"
N5UKNP0EWM6K.jpg,43152,{},1,1,"{""name"":""rect"",""x"":18,""y"":5,""width"":182,""height"":244}","{""1"":""Tree""}"
N7EWQY5M93ET.jpg,42757,{},0,0,{},{}
N9DOKTHBNJC1.jpg,14216,{},1,1,"{""name"":""rect"",""x"":58,""y"":22,""width"":120,""height"":219}","{""1"":""Tree""}"
N724RPIH6D53.jpg,61961,{},1,1,"{""name"":""rect"",""x"":39,""y"":6,""width"":169,""height"":245}","{""1"":""Tree""}"
N960XB2UMAV9.jpg,41924,{},1,1,"{""name"":""rect"",""x"":28,""y"":13,""width"":196,""height"":220}","{""1"":""Tree""}"
NPLI8E407QBS.jpg,38280,{},0,0,{},{}
NSG5YWPLMY37.jpg,29905,{},0,0,{},{}
NYRXX7UVS27V.jpg,31109,{},0,0,{},{}
OA4QRTSPQWPV.jpg,36341,{},1,1,"{""name"":""rect"",""x"":30,""y"":13,""width"":173,""height"":236}","{""1"":""Tree""}"
OKEPXOAWHT7Y.jpg,41055,{},1,1,"{""name"":""rect"",""x"":23,""y"":13,""width"":169,""height"":231}","{""1"":""Tree""}"
OLQLFRWVW9TG.jpg,31576,{},1,1,"{""name"":""rect"",""x"":29,""y"":15,""width"":169,""height"":225}","{""1"":""Tree""}"
OQK7WHZGCO8O.jpg,48945,{},1,1,"{""name"":""rect"",""x"":11,""y"":13,""width"":120,""height"":235}","{""1"":""Tree""}"
P3SPD4E9L1DG.jpg,26053,{},0,0,{},{}
PR6MX1GH3ISW.jpg,28292,{},1,1,"{""name"":""rect"",""x"":78,""y"":72,""width"":97,""height"":136}","{""1"":""Tree""}"
Q940GFIR7JI8.jpg,33037,{},0,0,{},{}
QK35C6QXIXM2.jpg,49279,{},1,1,"{""name"":""rect"",""x"":54,""y"":14,""width"":155,""height"":237}","{""1"":""Tree""}"
R0R4ZN4OXSIY.jpg,41041,{},1,1,"{""name"":""rect"",""x"":110,""y"":12,""width"":112,""height"":229}","{""1"":""Tree""}"
R5NZ050CPAUL.jpg,41748,{},2,1,"{""name"":""rect"",""x"":29,""y"":28,""width"":78,""height"":188}","{""1"":""Tree""}"
R5NZ050CPAUL.jpg,41748,{},2,1,"{""name"":""rect"",""x"":117,""y"":25,""width"":88,""height"":195}","{""1"":""Tree""}"
R381JBWJUCCM.jpg,42968,{},1,1,"{""name"":""rect"",""x"":14,""y"":102,""width"":90,""height"":145}","{""1"":""Tree""}"
RHQBYB5Q0OZ1.jpg,34976,{},0,0,{},{}
RLHTXGVSQLXI.jpg,42008,{},1,1,"{""name"":""rect"",""x"":37,""y"":37,""width"":163,""height"":201}","{""1"":""Tree""}"
ROGCA9GGSXQI.jpg,39474,{},0,0,{},{}
RT18RNRSQKOK.jpg,35540,{},1,1,"{""name"":""rect"",""x"":22,""y"":14,""width"":169,""height"":196}","{""1"":""Tree""}"
S6M8DRVGDBBL.jpg,47187,{},0,0,{},{}
SG5DFS28P6VI.jpg,36730,{},1,1,"{""name"":""rect"",""x"":30,""y"":34,""width"":189,""height"":203}","{""1"":""Tree""}"
SHLVHR8S6TWV.jpg,40954,{},0,0,{},{}
SMOEEO05P78B.jpg,36466,{},1,1,"{""name"":""rect"",""x"":71,""y"":36,""width"":107,""height"":199}","{""1"":""Tree""}"
TBHZB7DCKHWR.jpg,47039,{},0,0,{},{}
TI7O0SV6YECF.jpg,51725,{},0,0,{},{}
TMNX5BXVH0ZY.jpg,26685,{},0,0,{},{}
TS2X4KI4NOAO.jpg,50116,{},1,1,"{""name"":""rect"",""x"":18,""y"":19,""width"":153,""height"":200}","{""1"":""Tree""}"
TZPUGQXCN3QI.jpg,49407,{},0,0,{},{}
U8IMD8JOXF41.jpg,37086,{},0,0,{},{}
U69G7FWD71G8.jpg,33047,{},1,1,"{""name"":""rect"",""x"":63,""y"":29,""width"":167,""height"":212}","{""1"":""Tree""}"
UJMZ2PSF6TMQ.jpg,44224,{},0,0,{},{}
UO3MUJ5Z2P00.jpg,41721,{},0,0,{},{}
URJA0VGYHAFD.jpg,43177,{},1,1,"{""name"":""rect"",""x"":59,""y"":13,""width"":144,""height"":208}","{""1"":""Tree""}"
UXMLAC3HH06X.jpg,50325,{},0,0,{},{}
V07C4PGX0XCO.jpg,51569,{},2,1,"{""name"":""rect"",""x"":12,""y"":18,""width"":89,""height"":197}","{""1"":""Tree""}"
V07C4PGX0XCO.jpg,51569,{},2,1,"{""name"":""rect"",""x"":138,""y"":29,""width"":104,""height"":175}","{""1"":""Tree""}"
VM8BBY3WOIH0.jpg,46346,{},0,0,{},{}
VMLEB4GG34N1.jpg,48350,{},1,1,"{""name"":""rect"",""x"":75,""y"":6,""width"":122,""height"":243}","{""1"":""Tree""}"
VV9CHBNTNASD.jpg,35458,{},0,0,{},{}
W17YRP8F79VE.jpg,39054,{},1,1,"{""name"":""rect"",""x"":142,""y"":20,""width"":107,""height"":224}","{""1"":""Tree""}"
WAAWM8C3IDQI.jpg,43845,{},0,0,{},{}
WNIGP3IUNI48.jpg,17259,{},0,0,{},{}
WNZMB36P7VE1.jpg,27471,{},0,0,{},{}
WUANBHI7TTI8.jpg,41024,{},0,0,{},{}
WV85FZHI25L4.jpg,45887,{},0,0,{},{}
WWHEJPR91Y8H.jpg,37168,{},1,1,"{""name"":""rect"",""x"":31,""y"":17,""width"":215,""height"":234}","{""1"":""Tree""}"
X1S1UUNM0338.jpg,34160,{},0,0,{},{}
XCGRREQVUARJ.jpg,45561,{},2,1,"{""name"":""rect"",""x"":105,""y"":143,""width"":64,""height"":110}","{""1"":""Tree""}"
XCGRREQVUARJ.jpg,45561,{},2,1,"{""name"":""rect"",""x"":14,""y"":150,""width"":71,""height"":103}","{""1"":""Tree""}"
Y863J6J37MQZ.jpg,37837,{},0,0,{},{}
YQKM0VZ01JXD.jpg,23248,{},0,0,{},{}
YQNB46IR864Q.jpg,34860,{},1,1,"{""name"":""rect"",""x"":125,""y"":41,""width"":73,""height"":209}","{""1"":""Tree""}"
Z4VPFDOOGPTY.jpg,33128,{},1,1,"{""name"":""rect"",""x"":20,""y"":25,""width"":186,""height"":206}","{""1"":""Tree""}"
Z96RXDYZAK9O.jpg,49777,{},0,0,{},{}
ZECV3ROTIZ5W.jpg,33429,{},0,0,{},{}
ZUWV62BO0SRT.jpg,24563,{},1,1,"{""name"":""rect"",""x"":47,""y"":35,""width"":154,""height"":188}","{""1"":""Tree""}"
